order_id,current_slot,sku_slot
1,"(0,0)","(0,10)"
1,"(0,10)","(0,16)"
1,"(0,16)","(1,6)"
1,"(1,6)","(3,15)"
1,"(3,15)","(3,9)"
2,"(0,0)","(0,13)"
2,"(0,13)","(3,11)"
2,"(3,11)","(3,5)"
2,"(3,5)","(1,9)"
2,"(1,9)","(3,9)"
3,"(0,0)","(3,5)"
3,"(3,5)","(0,0)"
3,"(0,0)","(3,2)"
3,"(3,2)","(2,3)"
3,"(2,3)","(3,19)"
4,"(0,0)","(4,15)"
4,"(4,15)","(4,19)"
4,"(4,19)","(2,10)"
4,"(2,10)","(2,1)"
4,"(2,1)","(2,9)"
5,"(0,0)","(2,11)"
5,"(2,11)","(3,7)"
5,"(3,7)","(2,5)"
5,"(2,5)","(3,5)"
5,"(3,5)","(1,13)"
6,"(0,0)","(2,10)"
6,"(2,10)","(3,14)"
6,"(3,14)","(4,7)"
6,"(4,7)","(1,6)"
6,"(1,6)","(4,8)"
7,"(0,0)","(3,19)"
7,"(3,19)","(2,15)"
7,"(2,15)","(1,9)"
7,"(1,9)","(1,8)"
7,"(1,8)","(1,15)"
8,"(0,0)","(0,17)"
8,"(0,17)","(1,19)"
8,"(1,19)","(1,18)"
8,"(1,18)","(3,4)"
8,"(3,4)","(0,14)"
9,"(0,0)","(0,16)"
9,"(0,16)","(1,10)"
9,"(1,10)","(0,12)"
9,"(0,12)","(1,10)"
9,"(1,10)","(0,2)"
10,"(0,0)","(4,12)"
10,"(4,12)","(4,10)"
10,"(4,10)","(1,14)"
10,"(1,14)","(1,4)"
10,"(1,4)","(3,6)"
11,"(0,0)","(2,9)"
11,"(2,9)","(0,16)"
11,"(0,16)","(4,16)"
11,"(4,16)","(0,13)"
11,"(0,13)","(4,18)"
12,"(0,0)","(2,9)"
12,"(2,9)","(1,3)"
12,"(1,3)","(4,1)"
12,"(4,1)","(3,19)"
12,"(3,19)","(3,1)"
13,"(0,0)","(2,12)"
13,"(2,12)","(3,1)"
13,"(3,1)","(2,12)"
13,"(2,12)","(4,16)"
13,"(4,16)","(3,1)"
14,"(0,0)","(1,6)"
14,"(1,6)","(1,7)"
14,"(1,7)","(3,0)"
14,"(3,0)","(3,14)"
14,"(3,14)","(2,7)"
15,"(0,0)","(3,10)"
15,"(3,10)","(1,1)"
15,"(1,1)","(4,1)"
15,"(4,1)","(4,15)"
15,"(4,15)","(2,17)"
16,"(0,0)","(0,7)"
16,"(0,7)","(0,0)"
16,"(0,0)","(2,14)"
16,"(2,14)","(1,3)"
16,"(1,3)","(2,12)"
17,"(0,0)","(2,10)"
17,"(2,10)","(2,4)"
17,"(2,4)","(4,6)"
17,"(4,6)","(1,12)"
17,"(1,12)","(3,11)"
18,"(0,0)","(4,0)"
18,"(4,0)","(0,5)"
18,"(0,5)","(0,2)"
18,"(0,2)","(1,6)"
18,"(1,6)","(0,11)"
19,"(0,0)","(1,0)"
19,"(1,0)","(0,12)"
19,"(0,12)","(4,9)"
19,"(4,9)","(4,0)"
19,"(4,0)","(4,4)"
20,"(0,0)","(3,15)"
20,"(3,15)","(2,16)"
20,"(2,16)","(4,11)"
20,"(4,11)","(2,8)"
20,"(2,8)","(2,14)"
21,"(0,0)","(2,11)"
21,"(2,11)","(4,8)"
21,"(4,8)","(1,4)"
21,"(1,4)","(4,15)"
21,"(4,15)","(3,17)"
22,"(0,0)","(4,2)"
22,"(4,2)","(4,16)"
22,"(4,16)","(2,16)"
22,"(2,16)","(3,15)"
22,"(3,15)","(0,1)"
23,"(0,0)","(1,13)"
23,"(1,13)","(1,11)"
23,"(1,11)","(2,6)"
23,"(2,6)","(4,12)"
23,"(4,12)","(2,6)"
24,"(0,0)","(0,2)"
24,"(0,2)","(3,3)"
24,"(3,3)","(2,19)"
24,"(2,19)","(0,1)"
24,"(0,1)","(2,18)"
25,"(0,0)","(0,15)"
25,"(0,15)","(3,6)"
25,"(3,6)","(1,9)"
25,"(1,9)","(0,1)"
25,"(0,1)","(4,6)"
26,"(0,0)","(0,0)"
26,"(0,0)","(0,16)"
26,"(0,16)","(0,19)"
26,"(0,19)","(1,17)"
26,"(1,17)","(2,14)"
27,"(0,0)","(0,9)"
27,"(0,9)","(3,16)"
27,"(3,16)","(0,7)"
27,"(0,7)","(0,3)"
27,"(0,3)","(2,17)"
28,"(0,0)","(2,16)"
28,"(2,16)","(1,7)"
28,"(1,7)","(1,0)"
28,"(1,0)","(0,3)"
28,"(0,3)","(3,5)"
29,"(0,0)","(1,7)"
29,"(1,7)","(0,7)"
29,"(0,7)","(2,19)"
29,"(2,19)","(4,4)"
29,"(4,4)","(0,12)"
30,"(0,0)","(4,17)"
30,"(4,17)","(1,18)"
30,"(1,18)","(4,10)"
30,"(4,10)","(2,15)"
30,"(2,15)","(1,3)"
31,"(0,0)","(4,2)"
31,"(4,2)","(2,6)"
31,"(2,6)","(4,0)"
31,"(4,0)","(4,12)"
31,"(4,12)","(3,7)"
32,"(0,0)","(4,7)"
32,"(4,7)","(3,8)"
32,"(3,8)","(0,13)"
32,"(0,13)","(4,0)"
32,"(4,0)","(1,14)"
33,"(0,0)","(4,11)"
33,"(4,11)","(4,2)"
33,"(4,2)","(0,10)"
33,"(0,10)","(0,11)"
33,"(0,11)","(0,2)"
34,"(0,0)","(4,3)"
34,"(4,3)","(4,3)"
34,"(4,3)","(1,17)"
34,"(1,17)","(1,13)"
34,"(1,13)","(4,17)"
35,"(0,0)","(0,6)"
35,"(0,6)","(0,9)"
35,"(0,9)","(4,18)"
35,"(4,18)","(4,1)"
35,"(4,1)","(0,13)"
36,"(0,0)","(3,0)"
36,"(3,0)","(3,6)"
36,"(3,6)","(1,2)"
36,"(1,2)","(3,4)"
36,"(3,4)","(1,9)"
37,"(0,0)","(3,13)"
37,"(3,13)","(4,15)"
37,"(4,15)","(2,15)"
37,"(2,15)","(0,8)"
37,"(0,8)","(1,10)"
38,"(0,0)","(3,4)"
38,"(3,4)","(3,3)"
38,"(3,3)","(1,7)"
38,"(1,7)","(0,17)"
38,"(0,17)","(4,12)"
39,"(0,0)","(0,1)"
39,"(0,1)","(1,9)"
39,"(1,9)","(0,13)"
39,"(0,13)","(0,1)"
39,"(0,1)","(3,19)"
40,"(0,0)","(3,7)"
40,"(3,7)","(0,6)"
40,"(0,6)","(1,19)"
40,"(1,19)","(2,17)"
40,"(2,17)","(1,3)"
41,"(0,0)","(3,19)"
41,"(3,19)","(4,2)"
41,"(4,2)","(4,11)"
41,"(4,11)","(3,5)"
41,"(3,5)","(1,13)"
42,"(0,0)","(2,14)"
42,"(2,14)","(3,6)"
42,"(3,6)","(3,2)"
42,"(3,2)","(2,4)"
42,"(2,4)","(2,12)"
43,"(0,0)","(4,19)"
43,"(4,19)","(0,15)"
43,"(0,15)","(3,2)"
43,"(3,2)","(1,8)"
43,"(1,8)","(1,8)"
44,"(0,0)","(3,11)"
44,"(3,11)","(2,8)"
44,"(2,8)","(0,18)"
44,"(0,18)","(3,1)"
44,"(3,1)","(3,6)"
45,"(0,0)","(0,2)"
45,"(0,2)","(4,8)"
45,"(4,8)","(0,12)"
45,"(0,12)","(4,17)"
45,"(4,17)","(3,17)"
46,"(0,0)","(3,15)"
46,"(3,15)","(1,19)"
46,"(1,19)","(0,19)"
46,"(0,19)","(0,11)"
46,"(0,11)","(0,15)"
47,"(0,0)","(3,16)"
47,"(3,16)","(4,2)"
47,"(4,2)","(0,6)"
47,"(0,6)","(0,8)"
47,"(0,8)","(4,6)"
48,"(0,0)","(1,6)"
48,"(1,6)","(4,4)"
48,"(4,4)","(2,14)"
48,"(2,14)","(4,3)"
48,"(4,3)","(3,10)"
49,"(0,0)","(2,10)"
49,"(2,10)","(2,16)"
49,"(2,16)","(0,9)"
49,"(0,9)","(0,0)"
49,"(0,0)","(4,6)"
50,"(0,0)","(0,0)"
50,"(0,0)","(1,16)"
50,"(1,16)","(3,11)"
50,"(3,11)","(2,14)"
50,"(2,14)","(0,16)"
51,"(0,0)","(3,16)"
51,"(3,16)","(2,5)"
51,"(2,5)","(1,2)"
51,"(1,2)","(2,11)"
51,"(2,11)","(2,13)"
52,"(0,0)","(3,5)"
52,"(3,5)","(0,6)"
52,"(0,6)","(0,6)"
52,"(0,6)","(4,7)"
52,"(4,7)","(3,2)"
53,"(0,0)","(2,17)"
53,"(2,17)","(4,19)"
53,"(4,19)","(0,16)"
53,"(0,16)","(1,0)"
53,"(1,0)","(3,3)"
54,"(0,0)","(2,7)"
54,"(2,7)","(4,7)"
54,"(4,7)","(2,0)"
54,"(2,0)","(0,9)"
54,"(0,9)","(0,12)"
55,"(0,0)","(0,2)"
55,"(0,2)","(3,18)"
55,"(3,18)","(1,3)"
55,"(1,3)","(4,9)"
55,"(4,9)","(2,1)"
56,"(0,0)","(0,14)"
56,"(0,14)","(2,14)"
56,"(2,14)","(4,1)"
56,"(4,1)","(0,12)"
56,"(0,12)","(3,17)"
57,"(0,0)","(3,8)"
57,"(3,8)","(0,5)"
57,"(0,5)","(3,7)"
57,"(3,7)","(1,6)"
57,"(1,6)","(2,2)"
58,"(0,0)","(0,18)"
58,"(0,18)","(1,11)"
58,"(1,11)","(2,18)"
58,"(2,18)","(1,0)"
58,"(1,0)","(4,18)"
59,"(0,0)","(0,0)"
59,"(0,0)","(3,10)"
59,"(3,10)","(0,7)"
59,"(0,7)","(1,5)"
59,"(1,5)","(0,7)"
60,"(0,0)","(3,15)"
60,"(3,15)","(4,3)"
60,"(4,3)","(4,17)"
60,"(4,17)","(2,17)"
60,"(2,17)","(4,16)"
61,"(0,0)","(3,13)"
61,"(3,13)","(4,13)"
61,"(4,13)","(2,7)"
61,"(2,7)","(0,17)"
61,"(0,17)","(2,5)"
62,"(0,0)","(4,15)"
62,"(4,15)","(3,3)"
62,"(3,3)","(4,5)"
62,"(4,5)","(0,18)"
62,"(0,18)","(2,18)"
63,"(0,0)","(1,2)"
63,"(1,2)","(4,13)"
63,"(4,13)","(3,14)"
63,"(3,14)","(4,3)"
63,"(4,3)","(3,14)"
64,"(0,0)","(0,2)"
64,"(0,2)","(0,18)"
64,"(0,18)","(3,4)"
64,"(3,4)","(2,8)"
64,"(2,8)","(0,15)"
65,"(0,0)","(4,5)"
65,"(4,5)","(4,2)"
65,"(4,2)","(2,7)"
65,"(2,7)","(4,11)"
65,"(4,11)","(0,17)"
66,"(0,0)","(3,3)"
66,"(3,3)","(0,6)"
66,"(0,6)","(4,10)"
66,"(4,10)","(3,11)"
66,"(3,11)","(4,2)"
67,"(0,0)","(1,15)"
67,"(1,15)","(4,19)"
67,"(4,19)","(0,14)"
67,"(0,14)","(4,1)"
67,"(4,1)","(0,4)"
68,"(0,0)","(0,11)"
68,"(0,11)","(2,15)"
68,"(2,15)","(4,4)"
68,"(4,4)","(4,8)"
68,"(4,8)","(2,9)"
69,"(0,0)","(3,19)"
69,"(3,19)","(3,6)"
69,"(3,6)","(2,8)"
69,"(2,8)","(1,9)"
69,"(1,9)","(4,19)"
70,"(0,0)","(2,12)"
70,"(2,12)","(1,15)"
70,"(1,15)","(4,5)"
70,"(4,5)","(3,0)"
70,"(3,0)","(0,9)"
71,"(0,0)","(3,17)"
71,"(3,17)","(2,16)"
71,"(2,16)","(3,14)"
71,"(3,14)","(2,13)"
71,"(2,13)","(3,1)"
72,"(0,0)","(0,6)"
72,"(0,6)","(1,11)"
72,"(1,11)","(3,5)"
72,"(3,5)","(0,4)"
72,"(0,4)","(4,2)"
73,"(0,0)","(2,7)"
73,"(2,7)","(4,7)"
73,"(4,7)","(0,19)"
73,"(0,19)","(4,4)"
73,"(4,4)","(1,8)"
74,"(0,0)","(3,14)"
74,"(3,14)","(1,1)"
74,"(1,1)","(2,19)"
74,"(2,19)","(3,17)"
74,"(3,17)","(2,7)"
75,"(0,0)","(4,15)"
75,"(4,15)","(3,17)"
75,"(3,17)","(0,19)"
75,"(0,19)","(3,6)"
75,"(3,6)","(4,11)"
76,"(0,0)","(4,19)"
76,"(4,19)","(2,3)"
76,"(2,3)","(0,4)"
76,"(0,4)","(2,16)"
76,"(2,16)","(1,5)"
77,"(0,0)","(3,3)"
77,"(3,3)","(2,8)"
77,"(2,8)","(2,4)"
77,"(2,4)","(0,18)"
77,"(0,18)","(3,17)"
78,"(0,0)","(2,6)"
78,"(2,6)","(4,5)"
78,"(4,5)","(3,6)"
78,"(3,6)","(2,1)"
78,"(2,1)","(1,19)"
79,"(0,0)","(4,19)"
79,"(4,19)","(0,7)"
79,"(0,7)","(3,10)"
79,"(3,10)","(0,15)"
79,"(0,15)","(1,4)"
80,"(0,0)","(0,11)"
80,"(0,11)","(0,0)"
80,"(0,0)","(0,19)"
80,"(0,19)","(4,19)"
80,"(4,19)","(2,3)"
81,"(0,0)","(2,9)"
81,"(2,9)","(3,13)"
81,"(3,13)","(2,12)"
81,"(2,12)","(2,5)"
81,"(2,5)","(0,16)"
82,"(0,0)","(1,10)"
82,"(1,10)","(2,17)"
82,"(2,17)","(2,1)"
82,"(2,1)","(3,10)"
82,"(3,10)","(1,6)"
83,"(0,0)","(0,11)"
83,"(0,11)","(3,2)"
83,"(3,2)","(2,14)"
83,"(2,14)","(1,5)"
83,"(1,5)","(3,1)"
84,"(0,0)","(1,0)"
84,"(1,0)","(4,15)"
84,"(4,15)","(2,9)"
84,"(2,9)","(2,14)"
84,"(2,14)","(0,1)"
85,"(0,0)","(0,8)"
85,"(0,8)","(1,3)"
85,"(1,3)","(1,3)"
85,"(1,3)","(3,17)"
85,"(3,17)","(2,15)"
86,"(0,0)","(2,2)"
86,"(2,2)","(0,7)"
86,"(0,7)","(2,6)"
86,"(2,6)","(3,4)"
86,"(3,4)","(4,19)"
87,"(0,0)","(1,3)"
87,"(1,3)","(1,0)"
87,"(1,0)","(3,18)"
87,"(3,18)","(4,13)"
87,"(4,13)","(1,10)"
88,"(0,0)","(3,0)"
88,"(3,0)","(2,16)"
88,"(2,16)","(2,3)"
88,"(2,3)","(1,4)"
88,"(1,4)","(0,13)"
89,"(0,0)","(4,11)"
89,"(4,11)","(0,16)"
89,"(0,16)","(2,7)"
89,"(2,7)","(0,2)"
89,"(0,2)","(4,2)"
90,"(0,0)","(0,2)"
90,"(0,2)","(2,2)"
90,"(2,2)","(0,7)"
90,"(0,7)","(2,16)"
90,"(2,16)","(1,3)"
91,"(0,0)","(2,10)"
91,"(2,10)","(3,11)"
91,"(3,11)","(1,13)"
91,"(1,13)","(3,7)"
91,"(3,7)","(1,5)"
92,"(0,0)","(1,13)"
92,"(1,13)","(2,16)"
92,"(2,16)","(0,15)"
92,"(0,15)","(0,10)"
92,"(0,10)","(1,14)"
93,"(0,0)","(0,3)"
93,"(0,3)","(4,13)"
93,"(4,13)","(4,4)"
93,"(4,4)","(2,14)"
93,"(2,14)","(3,15)"
94,"(0,0)","(1,13)"
94,"(1,13)","(4,8)"
94,"(4,8)","(0,18)"
94,"(0,18)","(2,9)"
94,"(2,9)","(0,15)"
95,"(0,0)","(0,6)"
95,"(0,6)","(2,9)"
95,"(2,9)","(4,13)"
95,"(4,13)","(1,8)"
95,"(1,8)","(3,4)"
96,"(0,0)","(1,18)"
96,"(1,18)","(3,16)"
96,"(3,16)","(0,1)"
96,"(0,1)","(0,7)"
96,"(0,7)","(4,0)"
97,"(0,0)","(2,3)"
97,"(2,3)","(4,7)"
97,"(4,7)","(0,1)"
97,"(0,1)","(1,14)"
97,"(1,14)","(0,2)"
98,"(0,0)","(2,5)"
98,"(2,5)","(2,12)"
98,"(2,12)","(1,13)"
98,"(1,13)","(3,11)"
98,"(3,11)","(2,15)"
99,"(0,0)","(3,4)"
99,"(3,4)","(2,6)"
99,"(2,6)","(0,15)"
99,"(0,15)","(4,12)"
99,"(4,12)","(1,5)"
100,"(0,0)","(2,15)"
100,"(2,15)","(3,17)"
100,"(3,17)","(1,4)"
100,"(1,4)","(1,19)"
100,"(1,19)","(1,5)"
101,"(0,0)","(1,11)"
101,"(1,11)","(4,2)"
101,"(4,2)","(1,4)"
101,"(1,4)","(1,9)"
101,"(1,9)","(3,2)"
102,"(0,0)","(0,14)"
102,"(0,14)","(2,19)"
102,"(2,19)","(3,18)"
102,"(3,18)","(4,13)"
102,"(4,13)","(2,4)"
103,"(0,0)","(1,18)"
103,"(1,18)","(0,12)"
103,"(0,12)","(3,2)"
103,"(3,2)","(2,16)"
103,"(2,16)","(1,1)"
104,"(0,0)","(2,1)"
104,"(2,1)","(2,16)"
104,"(2,16)","(1,17)"
104,"(1,17)","(4,2)"
104,"(4,2)","(3,18)"
105,"(0,0)","(2,4)"
105,"(2,4)","(1,14)"
105,"(1,14)","(3,7)"
105,"(3,7)","(3,2)"
105,"(3,2)","(1,14)"
106,"(0,0)","(0,2)"
106,"(0,2)","(2,15)"
106,"(2,15)","(0,11)"
106,"(0,11)","(2,7)"
106,"(2,7)","(0,16)"
107,"(0,0)","(0,4)"
107,"(0,4)","(4,14)"
107,"(4,14)","(1,12)"
107,"(1,12)","(3,14)"
107,"(3,14)","(1,10)"
108,"(0,0)","(3,9)"
108,"(3,9)","(3,0)"
108,"(3,0)","(2,1)"
108,"(2,1)","(1,7)"
108,"(1,7)","(3,3)"
109,"(0,0)","(2,15)"
109,"(2,15)","(2,17)"
109,"(2,17)","(1,14)"
109,"(1,14)","(3,9)"
109,"(3,9)","(1,15)"
110,"(0,0)","(1,11)"
110,"(1,11)","(2,19)"
110,"(2,19)","(0,4)"
110,"(0,4)","(4,19)"
110,"(4,19)","(2,17)"
111,"(0,0)","(1,15)"
111,"(1,15)","(4,18)"
111,"(4,18)","(1,0)"
111,"(1,0)","(0,14)"
111,"(0,14)","(1,18)"
112,"(0,0)","(4,13)"
112,"(4,13)","(3,0)"
112,"(3,0)","(3,19)"
112,"(3,19)","(2,3)"
112,"(2,3)","(0,4)"
113,"(0,0)","(4,10)"
113,"(4,10)","(2,8)"
113,"(2,8)","(2,19)"
113,"(2,19)","(1,1)"
113,"(1,1)","(2,12)"
114,"(0,0)","(2,18)"
114,"(2,18)","(1,19)"
114,"(1,19)","(0,11)"
114,"(0,11)","(4,1)"
114,"(4,1)","(4,5)"
115,"(0,0)","(0,3)"
115,"(0,3)","(1,4)"
115,"(1,4)","(3,5)"
115,"(3,5)","(1,17)"
115,"(1,17)","(1,0)"
116,"(0,0)","(2,15)"
116,"(2,15)","(4,18)"
116,"(4,18)","(4,14)"
116,"(4,14)","(1,17)"
116,"(1,17)","(2,4)"
117,"(0,0)","(1,17)"
117,"(1,17)","(4,8)"
117,"(4,8)","(4,19)"
117,"(4,19)","(0,3)"
117,"(0,3)","(4,10)"
118,"(0,0)","(4,0)"
118,"(4,0)","(3,3)"
118,"(3,3)","(4,3)"
118,"(4,3)","(4,3)"
118,"(4,3)","(0,9)"
119,"(0,0)","(0,9)"
119,"(0,9)","(3,12)"
119,"(3,12)","(0,8)"
119,"(0,8)","(3,6)"
119,"(3,6)","(3,19)"
120,"(0,0)","(1,12)"
120,"(1,12)","(1,0)"
120,"(1,0)","(1,16)"
120,"(1,16)","(1,16)"
120,"(1,16)","(0,11)"
121,"(0,0)","(4,8)"
121,"(4,8)","(3,12)"
121,"(3,12)","(1,1)"
121,"(1,1)","(4,18)"
121,"(4,18)","(2,9)"
122,"(0,0)","(2,15)"
122,"(2,15)","(0,7)"
122,"(0,7)","(2,8)"
122,"(2,8)","(2,0)"
122,"(2,0)","(1,19)"
123,"(0,0)","(4,7)"
123,"(4,7)","(4,19)"
123,"(4,19)","(0,2)"
123,"(0,2)","(0,17)"
123,"(0,17)","(4,16)"
124,"(0,0)","(2,15)"
124,"(2,15)","(2,3)"
124,"(2,3)","(0,11)"
124,"(0,11)","(4,7)"
124,"(4,7)","(1,15)"
125,"(0,0)","(4,1)"
125,"(4,1)","(1,13)"
125,"(1,13)","(4,6)"
125,"(4,6)","(0,0)"
125,"(0,0)","(3,14)"
126,"(0,0)","(2,1)"
126,"(2,1)","(1,10)"
126,"(1,10)","(0,18)"
126,"(0,18)","(0,5)"
126,"(0,5)","(1,11)"
127,"(0,0)","(3,0)"
127,"(3,0)","(2,14)"
127,"(2,14)","(0,19)"
127,"(0,19)","(1,12)"
127,"(1,12)","(3,5)"
128,"(0,0)","(0,19)"
128,"(0,19)","(1,15)"
128,"(1,15)","(1,3)"
128,"(1,3)","(0,15)"
128,"(0,15)","(0,14)"
129,"(0,0)","(0,1)"
129,"(0,1)","(1,3)"
129,"(1,3)","(0,1)"
129,"(0,1)","(3,7)"
129,"(3,7)","(3,1)"
130,"(0,0)","(3,9)"
130,"(3,9)","(0,4)"
130,"(0,4)","(2,14)"
130,"(2,14)","(3,11)"
130,"(3,11)","(0,2)"
131,"(0,0)","(0,17)"
131,"(0,17)","(0,2)"
131,"(0,2)","(3,10)"
131,"(3,10)","(4,10)"
131,"(4,10)","(1,2)"
132,"(0,0)","(2,8)"
132,"(2,8)","(0,10)"
132,"(0,10)","(4,9)"
132,"(4,9)","(3,11)"
132,"(3,11)","(0,16)"
133,"(0,0)","(2,7)"
133,"(2,7)","(3,19)"
133,"(3,19)","(0,16)"
133,"(0,16)","(4,2)"
133,"(4,2)","(0,7)"
134,"(0,0)","(0,18)"
134,"(0,18)","(2,11)"
134,"(2,11)","(3,1)"
134,"(3,1)","(3,15)"
134,"(3,15)","(1,13)"
135,"(0,0)","(0,6)"
135,"(0,6)","(3,1)"
135,"(3,1)","(1,10)"
135,"(1,10)","(0,2)"
135,"(0,2)","(3,2)"
136,"(0,0)","(1,10)"
136,"(1,10)","(0,3)"
136,"(0,3)","(2,13)"
136,"(2,13)","(2,11)"
136,"(2,11)","(1,14)"
137,"(0,0)","(1,1)"
137,"(1,1)","(2,15)"
137,"(2,15)","(3,16)"
137,"(3,16)","(2,5)"
137,"(2,5)","(4,14)"
138,"(0,0)","(2,0)"
138,"(2,0)","(0,9)"
138,"(0,9)","(2,5)"
138,"(2,5)","(3,0)"
138,"(3,0)","(3,18)"
139,"(0,0)","(0,6)"
139,"(0,6)","(3,12)"
139,"(3,12)","(2,5)"
139,"(2,5)","(2,12)"
139,"(2,12)","(2,15)"
140,"(0,0)","(4,7)"
140,"(4,7)","(0,5)"
140,"(0,5)","(2,12)"
140,"(2,12)","(1,14)"
140,"(1,14)","(3,1)"
141,"(0,0)","(3,15)"
141,"(3,15)","(0,4)"
141,"(0,4)","(0,1)"
141,"(0,1)","(0,16)"
141,"(0,16)","(1,0)"
142,"(0,0)","(2,7)"
142,"(2,7)","(0,9)"
142,"(0,9)","(0,7)"
142,"(0,7)","(0,13)"
142,"(0,13)","(0,16)"
143,"(0,0)","(2,15)"
143,"(2,15)","(1,0)"
143,"(1,0)","(2,15)"
143,"(2,15)","(3,18)"
143,"(3,18)","(4,3)"
144,"(0,0)","(3,5)"
144,"(3,5)","(4,8)"
144,"(4,8)","(0,11)"
144,"(0,11)","(0,8)"
144,"(0,8)","(2,10)"
145,"(0,0)","(4,5)"
145,"(4,5)","(2,4)"
145,"(2,4)","(2,7)"
145,"(2,7)","(2,14)"
145,"(2,14)","(1,13)"
146,"(0,0)","(1,17)"
146,"(1,17)","(3,2)"
146,"(3,2)","(0,19)"
146,"(0,19)","(0,10)"
146,"(0,10)","(2,9)"
147,"(0,0)","(4,9)"
147,"(4,9)","(3,8)"
147,"(3,8)","(4,6)"
147,"(4,6)","(3,19)"
147,"(3,19)","(0,15)"
148,"(0,0)","(3,9)"
148,"(3,9)","(4,9)"
148,"(4,9)","(2,15)"
148,"(2,15)","(3,0)"
148,"(3,0)","(2,10)"
149,"(0,0)","(2,17)"
149,"(2,17)","(3,11)"
149,"(3,11)","(3,7)"
149,"(3,7)","(2,8)"
149,"(2,8)","(0,6)"
150,"(0,0)","(0,18)"
150,"(0,18)","(4,14)"
150,"(4,14)","(3,3)"
150,"(3,3)","(3,2)"
150,"(3,2)","(2,5)"
151,"(0,0)","(1,10)"
151,"(1,10)","(4,3)"
151,"(4,3)","(1,1)"
151,"(1,1)","(2,12)"
151,"(2,12)","(2,2)"
152,"(0,0)","(4,3)"
152,"(4,3)","(2,8)"
152,"(2,8)","(4,9)"
152,"(4,9)","(4,2)"
152,"(4,2)","(2,13)"
153,"(0,0)","(2,2)"
153,"(2,2)","(2,1)"
153,"(2,1)","(3,2)"
153,"(3,2)","(4,18)"
153,"(4,18)","(1,10)"
154,"(0,0)","(1,7)"
154,"(1,7)","(2,16)"
154,"(2,16)","(3,13)"
154,"(3,13)","(0,1)"
154,"(0,1)","(2,8)"
155,"(0,0)","(4,7)"
155,"(4,7)","(2,6)"
155,"(2,6)","(4,13)"
155,"(4,13)","(3,18)"
155,"(3,18)","(0,18)"
156,"(0,0)","(2,10)"
156,"(2,10)","(4,3)"
156,"(4,3)","(3,9)"
156,"(3,9)","(4,5)"
156,"(4,5)","(1,3)"
157,"(0,0)","(2,12)"
157,"(2,12)","(1,2)"
157,"(1,2)","(3,12)"
157,"(3,12)","(4,0)"
157,"(4,0)","(1,8)"
158,"(0,0)","(1,17)"
158,"(1,17)","(2,4)"
158,"(2,4)","(3,10)"
158,"(3,10)","(0,9)"
158,"(0,9)","(3,19)"
159,"(0,0)","(2,2)"
159,"(2,2)","(3,6)"
159,"(3,6)","(2,8)"
159,"(2,8)","(0,5)"
159,"(0,5)","(1,10)"
160,"(0,0)","(3,4)"
160,"(3,4)","(4,16)"
160,"(4,16)","(1,10)"
160,"(1,10)","(2,17)"
160,"(2,17)","(4,13)"
161,"(0,0)","(0,5)"
161,"(0,5)","(4,17)"
161,"(4,17)","(2,16)"
161,"(2,16)","(1,1)"
161,"(1,1)","(1,2)"
162,"(0,0)","(3,17)"
162,"(3,17)","(3,16)"
162,"(3,16)","(0,16)"
162,"(0,16)","(1,15)"
162,"(1,15)","(4,7)"
163,"(0,0)","(1,2)"
163,"(1,2)","(4,5)"
163,"(4,5)","(1,8)"
163,"(1,8)","(2,0)"
163,"(2,0)","(4,3)"
164,"(0,0)","(4,1)"
164,"(4,1)","(0,0)"
164,"(0,0)","(3,8)"
164,"(3,8)","(0,11)"
164,"(0,11)","(3,7)"
165,"(0,0)","(1,17)"
165,"(1,17)","(4,6)"
165,"(4,6)","(1,11)"
165,"(1,11)","(3,10)"
165,"(3,10)","(4,13)"
166,"(0,0)","(0,1)"
166,"(0,1)","(3,14)"
166,"(3,14)","(0,4)"
166,"(0,4)","(3,4)"
166,"(3,4)","(0,4)"
167,"(0,0)","(3,18)"
167,"(3,18)","(4,11)"
167,"(4,11)","(2,9)"
167,"(2,9)","(3,13)"
167,"(3,13)","(3,12)"
168,"(0,0)","(4,8)"
168,"(4,8)","(3,4)"
168,"(3,4)","(0,9)"
168,"(0,9)","(4,19)"
168,"(4,19)","(2,11)"
169,"(0,0)","(2,19)"
169,"(2,19)","(3,11)"
169,"(3,11)","(1,4)"
169,"(1,4)","(0,6)"
169,"(0,6)","(1,6)"
170,"(0,0)","(1,16)"
170,"(1,16)","(4,10)"
170,"(4,10)","(0,11)"
170,"(0,11)","(3,11)"
170,"(3,11)","(0,5)"
171,"(0,0)","(1,1)"
171,"(1,1)","(2,6)"
171,"(2,6)","(1,8)"
171,"(1,8)","(3,14)"
171,"(3,14)","(4,18)"
172,"(0,0)","(0,9)"
172,"(0,9)","(4,16)"
172,"(4,16)","(3,3)"
172,"(3,3)","(4,15)"
172,"(4,15)","(1,14)"
173,"(0,0)","(0,8)"
173,"(0,8)","(1,3)"
173,"(1,3)","(3,13)"
173,"(3,13)","(4,11)"
173,"(4,11)","(2,14)"
174,"(0,0)","(1,9)"
174,"(1,9)","(3,6)"
174,"(3,6)","(4,0)"
174,"(4,0)","(1,12)"
174,"(1,12)","(0,9)"
175,"(0,0)","(2,16)"
175,"(2,16)","(0,19)"
175,"(0,19)","(4,13)"
175,"(4,13)","(1,12)"
175,"(1,12)","(0,4)"
176,"(0,0)","(2,14)"
176,"(2,14)","(0,2)"
176,"(0,2)","(3,5)"
176,"(3,5)","(0,14)"
176,"(0,14)","(2,5)"
177,"(0,0)","(2,18)"
177,"(2,18)","(0,5)"
177,"(0,5)","(2,11)"
177,"(2,11)","(0,14)"
177,"(0,14)","(3,4)"
178,"(0,0)","(1,17)"
178,"(1,17)","(3,6)"
178,"(3,6)","(2,19)"
178,"(2,19)","(2,3)"
178,"(2,3)","(0,7)"
179,"(0,0)","(3,10)"
179,"(3,10)","(0,10)"
179,"(0,10)","(2,2)"
179,"(2,2)","(2,5)"
179,"(2,5)","(2,2)"
180,"(0,0)","(0,11)"
180,"(0,11)","(2,8)"
180,"(2,8)","(0,0)"
180,"(0,0)","(0,16)"
180,"(0,16)","(1,13)"
181,"(0,0)","(0,8)"
181,"(0,8)","(0,6)"
181,"(0,6)","(3,1)"
181,"(3,1)","(2,13)"
181,"(2,13)","(1,18)"
182,"(0,0)","(4,15)"
182,"(4,15)","(1,4)"
182,"(1,4)","(4,17)"
182,"(4,17)","(2,15)"
182,"(2,15)","(2,1)"
183,"(0,0)","(2,12)"
183,"(2,12)","(4,14)"
183,"(4,14)","(4,14)"
183,"(4,14)","(4,10)"
183,"(4,10)","(4,8)"
184,"(0,0)","(2,0)"
184,"(2,0)","(4,2)"
184,"(4,2)","(4,16)"
184,"(4,16)","(1,4)"
184,"(1,4)","(1,7)"
185,"(0,0)","(1,17)"
185,"(1,17)","(4,12)"
185,"(4,12)","(2,3)"
185,"(2,3)","(4,8)"
185,"(4,8)","(4,6)"
186,"(0,0)","(4,1)"
186,"(4,1)","(3,3)"
186,"(3,3)","(1,19)"
186,"(1,19)","(4,13)"
186,"(4,13)","(4,14)"
187,"(0,0)","(4,1)"
187,"(4,1)","(2,12)"
187,"(2,12)","(4,1)"
187,"(4,1)","(1,10)"
187,"(1,10)","(1,16)"
188,"(0,0)","(0,15)"
188,"(0,15)","(2,10)"
188,"(2,10)","(1,16)"
188,"(1,16)","(0,5)"
188,"(0,5)","(2,4)"
189,"(0,0)","(4,5)"
189,"(4,5)","(1,18)"
189,"(1,18)","(3,11)"
189,"(3,11)","(2,15)"
189,"(2,15)","(3,5)"
190,"(0,0)","(0,6)"
190,"(0,6)","(1,13)"
190,"(1,13)","(2,17)"
190,"(2,17)","(2,18)"
190,"(2,18)","(3,9)"
191,"(0,0)","(0,2)"
191,"(0,2)","(3,13)"
191,"(3,13)","(0,15)"
191,"(0,15)","(0,2)"
191,"(0,2)","(2,19)"
192,"(0,0)","(0,19)"
192,"(0,19)","(1,10)"
192,"(1,10)","(0,0)"
192,"(0,0)","(4,1)"
192,"(4,1)","(4,18)"
193,"(0,0)","(1,18)"
193,"(1,18)","(1,6)"
193,"(1,6)","(1,1)"
193,"(1,1)","(0,3)"
193,"(0,3)","(4,17)"
194,"(0,0)","(3,17)"
194,"(3,17)","(3,3)"
194,"(3,3)","(2,10)"
194,"(2,10)","(4,15)"
194,"(4,15)","(3,16)"
195,"(0,0)","(2,18)"
195,"(2,18)","(4,14)"
195,"(4,14)","(4,7)"
195,"(4,7)","(0,4)"
195,"(0,4)","(2,8)"
196,"(0,0)","(4,5)"
196,"(4,5)","(2,0)"
196,"(2,0)","(2,12)"
196,"(2,12)","(0,17)"
196,"(0,17)","(0,5)"
197,"(0,0)","(0,7)"
197,"(0,7)","(2,4)"
197,"(2,4)","(2,10)"
197,"(2,10)","(3,3)"
197,"(3,3)","(0,3)"
198,"(0,0)","(3,6)"
198,"(3,6)","(4,19)"
198,"(4,19)","(3,4)"
198,"(3,4)","(0,14)"
198,"(0,14)","(3,12)"
199,"(0,0)","(1,10)"
199,"(1,10)","(3,0)"
199,"(3,0)","(4,10)"
199,"(4,10)","(1,13)"
199,"(1,13)","(1,11)"
200,"(0,0)","(1,14)"
200,"(1,14)","(1,5)"
200,"(1,5)","(2,3)"
200,"(2,3)","(0,4)"
200,"(0,4)","(3,2)"
201,"(0,0)","(1,6)"
201,"(1,6)","(0,3)"
201,"(0,3)","(4,2)"
201,"(4,2)","(3,1)"
201,"(3,1)","(3,2)"
202,"(0,0)","(0,0)"
202,"(0,0)","(3,12)"
202,"(3,12)","(2,0)"
202,"(2,0)","(1,1)"
202,"(1,1)","(4,2)"
203,"(0,0)","(2,7)"
203,"(2,7)","(2,7)"
203,"(2,7)","(2,13)"
203,"(2,13)","(4,19)"
203,"(4,19)","(2,7)"
204,"(0,0)","(1,10)"
204,"(1,10)","(2,14)"
204,"(2,14)","(3,9)"
204,"(3,9)","(3,15)"
204,"(3,15)","(2,12)"
205,"(0,0)","(2,16)"
205,"(2,16)","(1,1)"
205,"(1,1)","(3,14)"
205,"(3,14)","(3,16)"
205,"(3,16)","(1,2)"
206,"(0,0)","(4,1)"
206,"(4,1)","(2,13)"
206,"(2,13)","(4,8)"
206,"(4,8)","(1,13)"
206,"(1,13)","(2,4)"
207,"(0,0)","(0,13)"
207,"(0,13)","(1,17)"
207,"(1,17)","(3,8)"
207,"(3,8)","(0,13)"
207,"(0,13)","(2,11)"
208,"(0,0)","(4,12)"
208,"(4,12)","(4,5)"
208,"(4,5)","(1,1)"
208,"(1,1)","(1,3)"
208,"(1,3)","(1,11)"
209,"(0,0)","(3,5)"
209,"(3,5)","(2,3)"
209,"(2,3)","(4,3)"
209,"(4,3)","(1,3)"
209,"(1,3)","(4,8)"
210,"(0,0)","(1,8)"
210,"(1,8)","(2,15)"
210,"(2,15)","(3,17)"
210,"(3,17)","(4,3)"
210,"(4,3)","(1,15)"
211,"(0,0)","(1,17)"
211,"(1,17)","(3,0)"
211,"(3,0)","(4,5)"
211,"(4,5)","(2,11)"
211,"(2,11)","(4,11)"
212,"(0,0)","(2,10)"
212,"(2,10)","(0,10)"
212,"(0,10)","(1,1)"
212,"(1,1)","(1,18)"
212,"(1,18)","(2,2)"
213,"(0,0)","(4,15)"
213,"(4,15)","(2,2)"
213,"(2,2)","(2,13)"
213,"(2,13)","(1,0)"
213,"(1,0)","(2,17)"
214,"(0,0)","(4,18)"
214,"(4,18)","(2,2)"
214,"(2,2)","(4,14)"
214,"(4,14)","(0,16)"
214,"(0,16)","(4,7)"
215,"(0,0)","(2,6)"
215,"(2,6)","(0,3)"
215,"(0,3)","(3,15)"
215,"(3,15)","(1,19)"
215,"(1,19)","(1,12)"
216,"(0,0)","(2,13)"
216,"(2,13)","(1,14)"
216,"(1,14)","(0,7)"
216,"(0,7)","(0,3)"
216,"(0,3)","(4,19)"
217,"(0,0)","(0,18)"
217,"(0,18)","(3,11)"
217,"(3,11)","(2,17)"
217,"(2,17)","(0,5)"
217,"(0,5)","(1,4)"
218,"(0,0)","(0,9)"
218,"(0,9)","(1,3)"
218,"(1,3)","(1,8)"
218,"(1,8)","(1,18)"
218,"(1,18)","(0,19)"
219,"(0,0)","(3,1)"
219,"(3,1)","(1,16)"
219,"(1,16)","(1,13)"
219,"(1,13)","(3,4)"
219,"(3,4)","(4,11)"
220,"(0,0)","(3,4)"
220,"(3,4)","(0,2)"
220,"(0,2)","(2,1)"
220,"(2,1)","(1,19)"
220,"(1,19)","(3,5)"
221,"(0,0)","(3,7)"
221,"(3,7)","(3,13)"
221,"(3,13)","(4,4)"
221,"(4,4)","(1,12)"
221,"(1,12)","(4,13)"
222,"(0,0)","(0,4)"
222,"(0,4)","(1,5)"
222,"(1,5)","(3,3)"
222,"(3,3)","(4,12)"
222,"(4,12)","(3,4)"
223,"(0,0)","(3,7)"
223,"(3,7)","(0,12)"
223,"(0,12)","(2,11)"
223,"(2,11)","(2,19)"
223,"(2,19)","(3,15)"
224,"(0,0)","(0,17)"
224,"(0,17)","(2,5)"
224,"(2,5)","(4,5)"
224,"(4,5)","(0,6)"
224,"(0,6)","(1,0)"
225,"(0,0)","(1,12)"
225,"(1,12)","(2,9)"
225,"(2,9)","(2,7)"
225,"(2,7)","(0,19)"
225,"(0,19)","(0,10)"
226,"(0,0)","(0,7)"
226,"(0,7)","(4,16)"
226,"(4,16)","(0,7)"
226,"(0,7)","(0,8)"
226,"(0,8)","(3,8)"
227,"(0,0)","(2,7)"
227,"(2,7)","(4,15)"
227,"(4,15)","(1,8)"
227,"(1,8)","(0,5)"
227,"(0,5)","(4,0)"
228,"(0,0)","(2,16)"
228,"(2,16)","(3,11)"
228,"(3,11)","(1,4)"
228,"(1,4)","(0,2)"
228,"(0,2)","(4,4)"
229,"(0,0)","(4,3)"
229,"(4,3)","(0,9)"
229,"(0,9)","(3,18)"
229,"(3,18)","(2,8)"
229,"(2,8)","(0,13)"
230,"(0,0)","(2,10)"
230,"(2,10)","(3,18)"
230,"(3,18)","(1,19)"
230,"(1,19)","(1,4)"
230,"(1,4)","(2,4)"
231,"(0,0)","(3,6)"
231,"(3,6)","(0,7)"
231,"(0,7)","(3,0)"
231,"(3,0)","(2,4)"
231,"(2,4)","(0,13)"
232,"(0,0)","(1,6)"
232,"(1,6)","(3,4)"
232,"(3,4)","(1,8)"
232,"(1,8)","(2,0)"
232,"(2,0)","(2,9)"
233,"(0,0)","(3,3)"
233,"(3,3)","(2,15)"
233,"(2,15)","(2,15)"
233,"(2,15)","(3,8)"
233,"(3,8)","(1,18)"
234,"(0,0)","(3,19)"
234,"(3,19)","(0,0)"
234,"(0,0)","(1,6)"
234,"(1,6)","(0,11)"
234,"(0,11)","(2,3)"
235,"(0,0)","(3,19)"
235,"(3,19)","(3,2)"
235,"(3,2)","(1,12)"
235,"(1,12)","(2,15)"
235,"(2,15)","(3,13)"
236,"(0,0)","(3,9)"
236,"(3,9)","(1,10)"
236,"(1,10)","(2,4)"
236,"(2,4)","(4,5)"
236,"(4,5)","(0,11)"
237,"(0,0)","(0,12)"
237,"(0,12)","(2,8)"
237,"(2,8)","(0,15)"
237,"(0,15)","(3,9)"
237,"(3,9)","(3,13)"
238,"(0,0)","(0,0)"
238,"(0,0)","(0,2)"
238,"(0,2)","(4,5)"
238,"(4,5)","(4,11)"
238,"(4,11)","(0,2)"
239,"(0,0)","(1,13)"
239,"(1,13)","(0,8)"
239,"(0,8)","(0,13)"
239,"(0,13)","(3,11)"
239,"(3,11)","(0,18)"
240,"(0,0)","(0,15)"
240,"(0,15)","(0,12)"
240,"(0,12)","(3,18)"
240,"(3,18)","(0,8)"
240,"(0,8)","(2,3)"
241,"(0,0)","(1,7)"
241,"(1,7)","(2,6)"
241,"(2,6)","(2,14)"
241,"(2,14)","(3,11)"
241,"(3,11)","(4,4)"
242,"(0,0)","(0,19)"
242,"(0,19)","(1,14)"
242,"(1,14)","(4,13)"
242,"(4,13)","(0,9)"
242,"(0,9)","(2,0)"
243,"(0,0)","(0,18)"
243,"(0,18)","(2,13)"
243,"(2,13)","(4,13)"
243,"(4,13)","(1,4)"
243,"(1,4)","(4,7)"
244,"(0,0)","(0,16)"
244,"(0,16)","(0,6)"
244,"(0,6)","(1,3)"
244,"(1,3)","(4,0)"
244,"(4,0)","(3,8)"
245,"(0,0)","(4,18)"
245,"(4,18)","(2,17)"
245,"(2,17)","(4,1)"
245,"(4,1)","(2,11)"
245,"(2,11)","(4,2)"
246,"(0,0)","(1,1)"
246,"(1,1)","(4,16)"
246,"(4,16)","(1,19)"
246,"(1,19)","(0,13)"
246,"(0,13)","(0,2)"
247,"(0,0)","(0,13)"
247,"(0,13)","(0,7)"
247,"(0,7)","(4,1)"
247,"(4,1)","(4,9)"
247,"(4,9)","(4,2)"
248,"(0,0)","(0,2)"
248,"(0,2)","(0,12)"
248,"(0,12)","(1,8)"
248,"(1,8)","(1,3)"
248,"(1,3)","(1,10)"
249,"(0,0)","(4,19)"
249,"(4,19)","(0,6)"
249,"(0,6)","(3,2)"
249,"(3,2)","(4,2)"
249,"(4,2)","(4,7)"
250,"(0,0)","(4,8)"
250,"(4,8)","(4,19)"
250,"(4,19)","(2,8)"
250,"(2,8)","(3,16)"
250,"(3,16)","(2,5)"
251,"(0,0)","(0,5)"
251,"(0,5)","(4,18)"
251,"(4,18)","(0,11)"
251,"(0,11)","(2,5)"
251,"(2,5)","(2,0)"
252,"(0,0)","(3,18)"
252,"(3,18)","(1,16)"
252,"(1,16)","(2,11)"
252,"(2,11)","(0,3)"
252,"(0,3)","(3,16)"
253,"(0,0)","(4,10)"
253,"(4,10)","(3,15)"
253,"(3,15)","(3,16)"
253,"(3,16)","(3,6)"
253,"(3,6)","(4,16)"
254,"(0,0)","(3,10)"
254,"(3,10)","(2,9)"
254,"(2,9)","(3,9)"
254,"(3,9)","(3,6)"
254,"(3,6)","(4,8)"
255,"(0,0)","(4,12)"
255,"(4,12)","(0,10)"
255,"(0,10)","(0,9)"
255,"(0,9)","(4,2)"
255,"(4,2)","(2,14)"
256,"(0,0)","(0,3)"
256,"(0,3)","(4,5)"
256,"(4,5)","(3,8)"
256,"(3,8)","(1,7)"
256,"(1,7)","(3,13)"
257,"(0,0)","(0,15)"
257,"(0,15)","(1,10)"
257,"(1,10)","(4,14)"
257,"(4,14)","(0,0)"
257,"(0,0)","(3,12)"
258,"(0,0)","(2,8)"
258,"(2,8)","(2,15)"
258,"(2,15)","(3,1)"
258,"(3,1)","(1,8)"
258,"(1,8)","(1,18)"
259,"(0,0)","(4,16)"
259,"(4,16)","(3,4)"
259,"(3,4)","(4,2)"
259,"(4,2)","(3,9)"
259,"(3,9)","(0,7)"
260,"(0,0)","(2,2)"
260,"(2,2)","(1,7)"
260,"(1,7)","(1,18)"
260,"(1,18)","(0,11)"
260,"(0,11)","(1,2)"
261,"(0,0)","(0,18)"
261,"(0,18)","(2,4)"
261,"(2,4)","(4,19)"
261,"(4,19)","(4,12)"
261,"(4,12)","(4,19)"
262,"(0,0)","(4,16)"
262,"(4,16)","(0,16)"
262,"(0,16)","(4,6)"
262,"(4,6)","(4,15)"
262,"(4,15)","(0,16)"
263,"(0,0)","(0,19)"
263,"(0,19)","(4,1)"
263,"(4,1)","(3,3)"
263,"(3,3)","(2,15)"
263,"(2,15)","(3,4)"
264,"(0,0)","(1,2)"
264,"(1,2)","(0,1)"
264,"(0,1)","(4,16)"
264,"(4,16)","(2,4)"
264,"(2,4)","(4,2)"
265,"(0,0)","(3,16)"
265,"(3,16)","(0,2)"
265,"(0,2)","(1,0)"
265,"(1,0)","(2,11)"
265,"(2,11)","(4,8)"
266,"(0,0)","(1,0)"
266,"(1,0)","(2,13)"
266,"(2,13)","(2,0)"
266,"(2,0)","(3,9)"
266,"(3,9)","(4,3)"
267,"(0,0)","(4,6)"
267,"(4,6)","(3,17)"
267,"(3,17)","(1,17)"
267,"(1,17)","(0,9)"
267,"(0,9)","(1,1)"
268,"(0,0)","(1,19)"
268,"(1,19)","(2,14)"
268,"(2,14)","(0,2)"
268,"(0,2)","(4,11)"
268,"(4,11)","(3,8)"
269,"(0,0)","(0,5)"
269,"(0,5)","(3,0)"
269,"(3,0)","(2,9)"
269,"(2,9)","(2,11)"
269,"(2,11)","(1,14)"
270,"(0,0)","(4,18)"
270,"(4,18)","(2,8)"
270,"(2,8)","(3,12)"
270,"(3,12)","(0,13)"
270,"(0,13)","(4,13)"
271,"(0,0)","(1,10)"
271,"(1,10)","(2,4)"
271,"(2,4)","(3,17)"
271,"(3,17)","(2,14)"
271,"(2,14)","(3,3)"
272,"(0,0)","(4,10)"
272,"(4,10)","(1,1)"
272,"(1,1)","(0,17)"
272,"(0,17)","(3,6)"
272,"(3,6)","(2,3)"
273,"(0,0)","(4,10)"
273,"(4,10)","(1,8)"
273,"(1,8)","(1,9)"
273,"(1,9)","(4,17)"
273,"(4,17)","(0,0)"
274,"(0,0)","(0,1)"
274,"(0,1)","(0,17)"
274,"(0,17)","(2,15)"
274,"(2,15)","(0,17)"
274,"(0,17)","(4,15)"
275,"(0,0)","(0,2)"
275,"(0,2)","(3,19)"
275,"(3,19)","(4,12)"
275,"(4,12)","(3,1)"
275,"(3,1)","(2,3)"
276,"(0,0)","(4,11)"
276,"(4,11)","(2,4)"
276,"(2,4)","(1,11)"
276,"(1,11)","(1,14)"
276,"(1,14)","(2,4)"
277,"(0,0)","(2,6)"
277,"(2,6)","(1,11)"
277,"(1,11)","(0,6)"
277,"(0,6)","(0,2)"
277,"(0,2)","(0,6)"
278,"(0,0)","(1,18)"
278,"(1,18)","(0,18)"
278,"(0,18)","(2,14)"
278,"(2,14)","(3,15)"
278,"(3,15)","(2,12)"
279,"(0,0)","(1,1)"
279,"(1,1)","(3,6)"
279,"(3,6)","(3,7)"
279,"(3,7)","(3,9)"
279,"(3,9)","(1,16)"
280,"(0,0)","(2,13)"
280,"(2,13)","(2,19)"
280,"(2,19)","(2,0)"
280,"(2,0)","(1,4)"
280,"(1,4)","(0,17)"
281,"(0,0)","(1,12)"
281,"(1,12)","(2,8)"
281,"(2,8)","(4,10)"
281,"(4,10)","(3,5)"
281,"(3,5)","(3,6)"
282,"(0,0)","(4,13)"
282,"(4,13)","(1,19)"
282,"(1,19)","(0,7)"
282,"(0,7)","(1,11)"
282,"(1,11)","(0,6)"
283,"(0,0)","(4,14)"
283,"(4,14)","(3,15)"
283,"(3,15)","(0,19)"
283,"(0,19)","(1,2)"
283,"(1,2)","(0,10)"
284,"(0,0)","(2,4)"
284,"(2,4)","(2,11)"
284,"(2,11)","(3,19)"
284,"(3,19)","(0,6)"
284,"(0,6)","(1,7)"
285,"(0,0)","(0,14)"
285,"(0,14)","(3,4)"
285,"(3,4)","(1,5)"
285,"(1,5)","(1,8)"
285,"(1,8)","(2,13)"
286,"(0,0)","(1,0)"
286,"(1,0)","(4,14)"
286,"(4,14)","(1,12)"
286,"(1,12)","(2,4)"
286,"(2,4)","(4,1)"
287,"(0,0)","(2,19)"
287,"(2,19)","(2,3)"
287,"(2,3)","(2,18)"
287,"(2,18)","(0,10)"
287,"(0,10)","(2,13)"
288,"(0,0)","(3,6)"
288,"(3,6)","(2,7)"
288,"(2,7)","(2,8)"
288,"(2,8)","(4,3)"
288,"(4,3)","(2,14)"
289,"(0,0)","(4,6)"
289,"(4,6)","(0,6)"
289,"(0,6)","(0,5)"
289,"(0,5)","(3,11)"
289,"(3,11)","(3,10)"
290,"(0,0)","(0,14)"
290,"(0,14)","(0,4)"
290,"(0,4)","(4,17)"
290,"(4,17)","(0,5)"
290,"(0,5)","(4,2)"
291,"(0,0)","(1,9)"
291,"(1,9)","(2,17)"
291,"(2,17)","(4,6)"
291,"(4,6)","(4,9)"
291,"(4,9)","(1,14)"
292,"(0,0)","(1,7)"
292,"(1,7)","(2,8)"
292,"(2,8)","(4,16)"
292,"(4,16)","(0,16)"
292,"(0,16)","(0,11)"
293,"(0,0)","(0,0)"
293,"(0,0)","(3,2)"
293,"(3,2)","(0,19)"
293,"(0,19)","(1,15)"
293,"(1,15)","(0,13)"
294,"(0,0)","(3,12)"
294,"(3,12)","(1,11)"
294,"(1,11)","(1,2)"
294,"(1,2)","(4,1)"
294,"(4,1)","(4,18)"
295,"(0,0)","(3,0)"
295,"(3,0)","(0,8)"
295,"(0,8)","(3,16)"
295,"(3,16)","(0,14)"
295,"(0,14)","(4,1)"
296,"(0,0)","(3,12)"
296,"(3,12)","(0,1)"
296,"(0,1)","(2,5)"
296,"(2,5)","(2,13)"
296,"(2,13)","(2,4)"
297,"(0,0)","(3,18)"
297,"(3,18)","(2,17)"
297,"(2,17)","(2,4)"
297,"(2,4)","(4,19)"
297,"(4,19)","(1,19)"
298,"(0,0)","(0,0)"
298,"(0,0)","(2,3)"
298,"(2,3)","(2,11)"
298,"(2,11)","(0,18)"
298,"(0,18)","(0,13)"
299,"(0,0)","(3,18)"
299,"(3,18)","(0,13)"
299,"(0,13)","(0,10)"
299,"(0,10)","(1,16)"
299,"(1,16)","(4,15)"
300,"(0,0)","(0,16)"
300,"(0,16)","(2,17)"
300,"(2,17)","(2,15)"
300,"(2,15)","(1,4)"
300,"(1,4)","(3,0)"
301,"(0,0)","(2,9)"
301,"(2,9)","(0,2)"
301,"(0,2)","(4,16)"
301,"(4,16)","(1,18)"
301,"(1,18)","(2,8)"
302,"(0,0)","(4,15)"
302,"(4,15)","(3,18)"
302,"(3,18)","(1,17)"
302,"(1,17)","(4,0)"
302,"(4,0)","(3,18)"
303,"(0,0)","(1,10)"
303,"(1,10)","(1,6)"
303,"(1,6)","(1,2)"
303,"(1,2)","(1,8)"
303,"(1,8)","(3,10)"
304,"(0,0)","(0,2)"
304,"(0,2)","(1,3)"
304,"(1,3)","(0,13)"
304,"(0,13)","(1,19)"
304,"(1,19)","(4,15)"
305,"(0,0)","(2,3)"
305,"(2,3)","(0,13)"
305,"(0,13)","(2,15)"
305,"(2,15)","(4,14)"
305,"(4,14)","(3,8)"
306,"(0,0)","(0,13)"
306,"(0,13)","(0,16)"
306,"(0,16)","(3,18)"
306,"(3,18)","(0,7)"
306,"(0,7)","(1,13)"
307,"(0,0)","(2,4)"
307,"(2,4)","(3,16)"
307,"(3,16)","(3,16)"
307,"(3,16)","(0,3)"
307,"(0,3)","(2,2)"
308,"(0,0)","(0,7)"
308,"(0,7)","(1,10)"
308,"(1,10)","(3,2)"
308,"(3,2)","(4,15)"
308,"(4,15)","(4,16)"
309,"(0,0)","(2,7)"
309,"(2,7)","(0,15)"
309,"(0,15)","(1,17)"
309,"(1,17)","(4,9)"
309,"(4,9)","(0,8)"
310,"(0,0)","(0,4)"
310,"(0,4)","(0,1)"
310,"(0,1)","(1,6)"
310,"(1,6)","(2,1)"
310,"(2,1)","(2,6)"
311,"(0,0)","(2,3)"
311,"(2,3)","(4,17)"
311,"(4,17)","(1,1)"
311,"(1,1)","(3,5)"
311,"(3,5)","(1,12)"
312,"(0,0)","(0,17)"
312,"(0,17)","(0,4)"
312,"(0,4)","(0,0)"
312,"(0,0)","(3,12)"
312,"(3,12)","(0,16)"
313,"(0,0)","(1,0)"
313,"(1,0)","(1,12)"
313,"(1,12)","(4,14)"
313,"(4,14)","(2,6)"
313,"(2,6)","(1,0)"
314,"(0,0)","(2,3)"
314,"(2,3)","(0,13)"
314,"(0,13)","(4,13)"
314,"(4,13)","(4,2)"
314,"(4,2)","(1,0)"
315,"(0,0)","(0,19)"
315,"(0,19)","(0,15)"
315,"(0,15)","(3,4)"
315,"(3,4)","(4,12)"
315,"(4,12)","(4,10)"
316,"(0,0)","(0,12)"
316,"(0,12)","(0,4)"
316,"(0,4)","(2,1)"
316,"(2,1)","(1,4)"
316,"(1,4)","(1,2)"
317,"(0,0)","(0,0)"
317,"(0,0)","(3,2)"
317,"(3,2)","(1,1)"
317,"(1,1)","(0,10)"
317,"(0,10)","(0,9)"
318,"(0,0)","(3,13)"
318,"(3,13)","(3,10)"
318,"(3,10)","(2,1)"
318,"(2,1)","(2,9)"
318,"(2,9)","(2,3)"
319,"(0,0)","(1,12)"
319,"(1,12)","(1,7)"
319,"(1,7)","(1,11)"
319,"(1,11)","(1,11)"
319,"(1,11)","(0,2)"
320,"(0,0)","(4,12)"
320,"(4,12)","(2,0)"
320,"(2,0)","(2,0)"
320,"(2,0)","(0,14)"
320,"(0,14)","(2,16)"
321,"(0,0)","(3,13)"
321,"(3,13)","(3,10)"
321,"(3,10)","(4,18)"
321,"(4,18)","(1,16)"
321,"(1,16)","(1,11)"
322,"(0,0)","(4,5)"
322,"(4,5)","(1,4)"
322,"(1,4)","(4,15)"
322,"(4,15)","(4,5)"
322,"(4,5)","(2,4)"
323,"(0,0)","(3,19)"
323,"(3,19)","(2,16)"
323,"(2,16)","(1,4)"
323,"(1,4)","(4,8)"
323,"(4,8)","(3,6)"
324,"(0,0)","(3,1)"
324,"(3,1)","(2,10)"
324,"(2,10)","(4,14)"
324,"(4,14)","(3,11)"
324,"(3,11)","(4,18)"
325,"(0,0)","(3,1)"
325,"(3,1)","(0,18)"
325,"(0,18)","(4,19)"
325,"(4,19)","(2,9)"
325,"(2,9)","(4,7)"
326,"(0,0)","(3,3)"
326,"(3,3)","(2,0)"
326,"(2,0)","(4,12)"
326,"(4,12)","(2,10)"
326,"(2,10)","(0,19)"
327,"(0,0)","(2,9)"
327,"(2,9)","(2,0)"
327,"(2,0)","(3,1)"
327,"(3,1)","(3,5)"
327,"(3,5)","(2,12)"
328,"(0,0)","(0,4)"
328,"(0,4)","(0,5)"
328,"(0,5)","(0,3)"
328,"(0,3)","(4,16)"
328,"(4,16)","(0,17)"
329,"(0,0)","(0,11)"
329,"(0,11)","(0,10)"
329,"(0,10)","(1,1)"
329,"(1,1)","(4,14)"
329,"(4,14)","(3,2)"
330,"(0,0)","(3,10)"
330,"(3,10)","(2,18)"
330,"(2,18)","(1,12)"
330,"(1,12)","(1,8)"
330,"(1,8)","(3,13)"
331,"(0,0)","(0,5)"
331,"(0,5)","(1,12)"
331,"(1,12)","(0,3)"
331,"(0,3)","(4,15)"
331,"(4,15)","(3,12)"
332,"(0,0)","(4,5)"
332,"(4,5)","(1,9)"
332,"(1,9)","(4,15)"
332,"(4,15)","(3,2)"
332,"(3,2)","(3,9)"
333,"(0,0)","(0,11)"
333,"(0,11)","(4,17)"
333,"(4,17)","(2,9)"
333,"(2,9)","(2,11)"
333,"(2,11)","(2,5)"
334,"(0,0)","(0,9)"
334,"(0,9)","(0,13)"
334,"(0,13)","(1,13)"
334,"(1,13)","(3,9)"
334,"(3,9)","(3,14)"
335,"(0,0)","(3,10)"
335,"(3,10)","(0,12)"
335,"(0,12)","(2,16)"
335,"(2,16)","(3,5)"
335,"(3,5)","(3,15)"
336,"(0,0)","(1,10)"
336,"(1,10)","(1,5)"
336,"(1,5)","(2,19)"
336,"(2,19)","(2,17)"
336,"(2,17)","(2,19)"
337,"(0,0)","(2,18)"
337,"(2,18)","(4,17)"
337,"(4,17)","(1,13)"
337,"(1,13)","(3,19)"
337,"(3,19)","(4,10)"
338,"(0,0)","(3,12)"
338,"(3,12)","(1,15)"
338,"(1,15)","(4,2)"
338,"(4,2)","(2,14)"
338,"(2,14)","(3,16)"
339,"(0,0)","(4,2)"
339,"(4,2)","(4,12)"
339,"(4,12)","(1,13)"
339,"(1,13)","(0,4)"
339,"(0,4)","(4,19)"
340,"(0,0)","(1,11)"
340,"(1,11)","(3,8)"
340,"(3,8)","(0,5)"
340,"(0,5)","(1,12)"
340,"(1,12)","(1,8)"
341,"(0,0)","(3,11)"
341,"(3,11)","(3,10)"
341,"(3,10)","(1,17)"
341,"(1,17)","(2,11)"
341,"(2,11)","(3,15)"
342,"(0,0)","(0,18)"
342,"(0,18)","(0,13)"
342,"(0,13)","(0,10)"
342,"(0,10)","(2,18)"
342,"(2,18)","(0,1)"
343,"(0,0)","(3,7)"
343,"(3,7)","(4,14)"
343,"(4,14)","(3,0)"
343,"(3,0)","(2,10)"
343,"(2,10)","(4,7)"
344,"(0,0)","(4,14)"
344,"(4,14)","(3,17)"
344,"(3,17)","(1,3)"
344,"(1,3)","(3,11)"
344,"(3,11)","(3,8)"
345,"(0,0)","(3,13)"
345,"(3,13)","(1,16)"
345,"(1,16)","(3,8)"
345,"(3,8)","(4,1)"
345,"(4,1)","(4,18)"
346,"(0,0)","(2,9)"
346,"(2,9)","(3,5)"
346,"(3,5)","(0,19)"
346,"(0,19)","(4,17)"
346,"(4,17)","(2,6)"
347,"(0,0)","(0,18)"
347,"(0,18)","(4,16)"
347,"(4,16)","(3,13)"
347,"(3,13)","(0,0)"
347,"(0,0)","(4,15)"
348,"(0,0)","(2,5)"
348,"(2,5)","(0,4)"
348,"(0,4)","(1,1)"
348,"(1,1)","(4,12)"
348,"(4,12)","(4,10)"
349,"(0,0)","(1,0)"
349,"(1,0)","(3,0)"
349,"(3,0)","(3,9)"
349,"(3,9)","(0,18)"
349,"(0,18)","(2,10)"
350,"(0,0)","(4,5)"
350,"(4,5)","(2,6)"
350,"(2,6)","(4,14)"
350,"(4,14)","(4,13)"
350,"(4,13)","(1,19)"
351,"(0,0)","(1,16)"
351,"(1,16)","(1,2)"
351,"(1,2)","(3,9)"
351,"(3,9)","(3,5)"
351,"(3,5)","(0,4)"
352,"(0,0)","(2,12)"
352,"(2,12)","(2,8)"
352,"(2,8)","(1,17)"
352,"(1,17)","(0,3)"
352,"(0,3)","(4,7)"
353,"(0,0)","(3,18)"
353,"(3,18)","(2,4)"
353,"(2,4)","(0,4)"
353,"(0,4)","(4,17)"
353,"(4,17)","(2,3)"
354,"(0,0)","(1,13)"
354,"(1,13)","(4,18)"
354,"(4,18)","(1,2)"
354,"(1,2)","(1,5)"
354,"(1,5)","(2,16)"
355,"(0,0)","(1,5)"
355,"(1,5)","(0,7)"
355,"(0,7)","(3,11)"
355,"(3,11)","(3,19)"
355,"(3,19)","(3,2)"
356,"(0,0)","(4,2)"
356,"(4,2)","(1,11)"
356,"(1,11)","(1,1)"
356,"(1,1)","(0,4)"
356,"(0,4)","(4,4)"
357,"(0,0)","(0,8)"
357,"(0,8)","(3,15)"
357,"(3,15)","(3,19)"
357,"(3,19)","(4,14)"
357,"(4,14)","(2,1)"
358,"(0,0)","(0,19)"
358,"(0,19)","(4,15)"
358,"(4,15)","(3,11)"
358,"(3,11)","(2,5)"
358,"(2,5)","(1,4)"
359,"(0,0)","(2,4)"
359,"(2,4)","(4,3)"
359,"(4,3)","(4,1)"
359,"(4,1)","(3,5)"
359,"(3,5)","(1,5)"
360,"(0,0)","(0,13)"
360,"(0,13)","(0,19)"
360,"(0,19)","(1,16)"
360,"(1,16)","(0,9)"
360,"(0,9)","(3,8)"
361,"(0,0)","(4,12)"
361,"(4,12)","(1,16)"
361,"(1,16)","(1,3)"
361,"(1,3)","(1,3)"
361,"(1,3)","(0,9)"
362,"(0,0)","(3,2)"
362,"(3,2)","(1,8)"
362,"(1,8)","(1,6)"
362,"(1,6)","(4,8)"
362,"(4,8)","(4,8)"
363,"(0,0)","(2,5)"
363,"(2,5)","(1,1)"
363,"(1,1)","(2,1)"
363,"(2,1)","(1,14)"
363,"(1,14)","(0,3)"
364,"(0,0)","(3,4)"
364,"(3,4)","(0,14)"
364,"(0,14)","(3,17)"
364,"(3,17)","(3,18)"
364,"(3,18)","(1,12)"
365,"(0,0)","(2,15)"
365,"(2,15)","(4,1)"
365,"(4,1)","(2,17)"
365,"(2,17)","(2,17)"
365,"(2,17)","(3,2)"
366,"(0,0)","(2,5)"
366,"(2,5)","(1,7)"
366,"(1,7)","(1,7)"
366,"(1,7)","(1,0)"
366,"(1,0)","(1,5)"
367,"(0,0)","(3,4)"
367,"(3,4)","(2,4)"
367,"(2,4)","(3,17)"
367,"(3,17)","(0,17)"
367,"(0,17)","(1,10)"
368,"(0,0)","(4,11)"
368,"(4,11)","(0,1)"
368,"(0,1)","(3,9)"
368,"(3,9)","(2,3)"
368,"(2,3)","(4,0)"
369,"(0,0)","(1,14)"
369,"(1,14)","(4,3)"
369,"(4,3)","(2,13)"
369,"(2,13)","(2,13)"
369,"(2,13)","(3,8)"
370,"(0,0)","(0,6)"
370,"(0,6)","(0,8)"
370,"(0,8)","(3,7)"
370,"(3,7)","(0,15)"
370,"(0,15)","(4,8)"
371,"(0,0)","(0,14)"
371,"(0,14)","(1,7)"
371,"(1,7)","(0,18)"
371,"(0,18)","(3,1)"
371,"(3,1)","(2,5)"
372,"(0,0)","(0,2)"
372,"(0,2)","(3,14)"
372,"(3,14)","(3,4)"
372,"(3,4)","(4,13)"
372,"(4,13)","(1,6)"
373,"(0,0)","(3,10)"
373,"(3,10)","(4,1)"
373,"(4,1)","(4,2)"
373,"(4,2)","(2,0)"
373,"(2,0)","(0,11)"
374,"(0,0)","(4,12)"
374,"(4,12)","(4,8)"
374,"(4,8)","(2,8)"
374,"(2,8)","(0,12)"
374,"(0,12)","(3,16)"
375,"(0,0)","(1,6)"
375,"(1,6)","(3,12)"
375,"(3,12)","(0,0)"
375,"(0,0)","(1,16)"
375,"(1,16)","(2,18)"
376,"(0,0)","(3,13)"
376,"(3,13)","(0,10)"
376,"(0,10)","(4,18)"
376,"(4,18)","(4,8)"
376,"(4,8)","(1,17)"
377,"(0,0)","(3,14)"
377,"(3,14)","(1,10)"
377,"(1,10)","(1,15)"
377,"(1,15)","(1,8)"
377,"(1,8)","(1,7)"
378,"(0,0)","(0,17)"
378,"(0,17)","(1,4)"
378,"(1,4)","(4,17)"
378,"(4,17)","(0,16)"
378,"(0,16)","(1,14)"
379,"(0,0)","(4,15)"
379,"(4,15)","(4,11)"
379,"(4,11)","(0,7)"
379,"(0,7)","(0,4)"
379,"(0,4)","(2,1)"
380,"(0,0)","(1,19)"
380,"(1,19)","(3,19)"
380,"(3,19)","(3,9)"
380,"(3,9)","(3,9)"
380,"(3,9)","(3,6)"
381,"(0,0)","(0,11)"
381,"(0,11)","(4,6)"
381,"(4,6)","(1,12)"
381,"(1,12)","(4,18)"
381,"(4,18)","(4,3)"
382,"(0,0)","(4,8)"
382,"(4,8)","(1,1)"
382,"(1,1)","(4,1)"
382,"(4,1)","(2,4)"
382,"(2,4)","(2,1)"
383,"(0,0)","(3,14)"
383,"(3,14)","(4,1)"
383,"(4,1)","(3,14)"
383,"(3,14)","(0,19)"
383,"(0,19)","(2,9)"
384,"(0,0)","(0,7)"
384,"(0,7)","(3,2)"
384,"(3,2)","(2,19)"
384,"(2,19)","(0,16)"
384,"(0,16)","(4,5)"
385,"(0,0)","(0,6)"
385,"(0,6)","(0,15)"
385,"(0,15)","(3,16)"
385,"(3,16)","(3,18)"
385,"(3,18)","(0,15)"
386,"(0,0)","(1,6)"
386,"(1,6)","(1,3)"
386,"(1,3)","(2,3)"
386,"(2,3)","(4,15)"
386,"(4,15)","(4,11)"
387,"(0,0)","(3,4)"
387,"(3,4)","(2,18)"
387,"(2,18)","(0,8)"
387,"(0,8)","(2,7)"
387,"(2,7)","(0,14)"
388,"(0,0)","(1,5)"
388,"(1,5)","(2,7)"
388,"(2,7)","(1,8)"
388,"(1,8)","(3,4)"
388,"(3,4)","(0,8)"
389,"(0,0)","(3,11)"
389,"(3,11)","(4,9)"
389,"(4,9)","(3,0)"
389,"(3,0)","(1,11)"
389,"(1,11)","(1,18)"
390,"(0,0)","(0,13)"
390,"(0,13)","(1,16)"
390,"(1,16)","(0,19)"
390,"(0,19)","(0,17)"
390,"(0,17)","(3,16)"
391,"(0,0)","(1,2)"
391,"(1,2)","(0,17)"
391,"(0,17)","(2,7)"
391,"(2,7)","(2,10)"
391,"(2,10)","(3,10)"
392,"(0,0)","(1,11)"
392,"(1,11)","(3,7)"
392,"(3,7)","(4,15)"
392,"(4,15)","(2,9)"
392,"(2,9)","(4,13)"
393,"(0,0)","(4,13)"
393,"(4,13)","(2,5)"
393,"(2,5)","(2,3)"
393,"(2,3)","(4,6)"
393,"(4,6)","(3,6)"
394,"(0,0)","(4,16)"
394,"(4,16)","(1,10)"
394,"(1,10)","(1,10)"
394,"(1,10)","(4,6)"
394,"(4,6)","(2,14)"
395,"(0,0)","(2,3)"
395,"(2,3)","(4,3)"
395,"(4,3)","(1,1)"
395,"(1,1)","(2,6)"
395,"(2,6)","(4,8)"
396,"(0,0)","(4,13)"
396,"(4,13)","(2,17)"
396,"(2,17)","(1,6)"
396,"(1,6)","(0,19)"
396,"(0,19)","(2,16)"
397,"(0,0)","(4,12)"
397,"(4,12)","(3,9)"
397,"(3,9)","(2,16)"
397,"(2,16)","(1,14)"
397,"(1,14)","(3,14)"
398,"(0,0)","(1,1)"
398,"(1,1)","(0,15)"
398,"(0,15)","(0,8)"
398,"(0,8)","(1,14)"
398,"(1,14)","(0,8)"
399,"(0,0)","(3,19)"
399,"(3,19)","(3,6)"
399,"(3,6)","(4,4)"
399,"(4,4)","(2,1)"
399,"(2,1)","(0,18)"
400,"(0,0)","(3,6)"
400,"(3,6)","(0,9)"
400,"(0,9)","(1,16)"
400,"(1,16)","(2,16)"
400,"(2,16)","(1,14)"
401,"(0,0)","(0,4)"
401,"(0,4)","(3,10)"
401,"(3,10)","(4,16)"
401,"(4,16)","(4,13)"
401,"(4,13)","(3,18)"
402,"(0,0)","(3,3)"
402,"(3,3)","(2,1)"
402,"(2,1)","(0,1)"
402,"(0,1)","(4,8)"
402,"(4,8)","(0,12)"
403,"(0,0)","(1,4)"
403,"(1,4)","(0,18)"
403,"(0,18)","(3,1)"
403,"(3,1)","(3,0)"
403,"(3,0)","(3,15)"
404,"(0,0)","(0,1)"
404,"(0,1)","(2,8)"
404,"(2,8)","(0,11)"
404,"(0,11)","(4,1)"
404,"(4,1)","(2,9)"
405,"(0,0)","(3,12)"
405,"(3,12)","(3,5)"
405,"(3,5)","(1,9)"
405,"(1,9)","(3,12)"
405,"(3,12)","(3,9)"
406,"(0,0)","(2,0)"
406,"(2,0)","(2,4)"
406,"(2,4)","(2,7)"
406,"(2,7)","(3,7)"
406,"(3,7)","(0,9)"
407,"(0,0)","(3,0)"
407,"(3,0)","(3,16)"
407,"(3,16)","(3,16)"
407,"(3,16)","(1,6)"
407,"(1,6)","(4,8)"
408,"(0,0)","(0,12)"
408,"(0,12)","(0,18)"
408,"(0,18)","(1,14)"
408,"(1,14)","(4,9)"
408,"(4,9)","(0,5)"
409,"(0,0)","(2,6)"
409,"(2,6)","(0,5)"
409,"(0,5)","(4,18)"
409,"(4,18)","(0,2)"
409,"(0,2)","(1,16)"
410,"(0,0)","(3,14)"
410,"(3,14)","(2,15)"
410,"(2,15)","(4,9)"
410,"(4,9)","(3,11)"
410,"(3,11)","(3,7)"
411,"(0,0)","(2,1)"
411,"(2,1)","(0,13)"
411,"(0,13)","(1,15)"
411,"(1,15)","(0,9)"
411,"(0,9)","(4,10)"
412,"(0,0)","(3,17)"
412,"(3,17)","(0,2)"
412,"(0,2)","(1,5)"
412,"(1,5)","(0,12)"
412,"(0,12)","(4,1)"
413,"(0,0)","(4,11)"
413,"(4,11)","(0,1)"
413,"(0,1)","(0,12)"
413,"(0,12)","(0,13)"
413,"(0,13)","(4,4)"
414,"(0,0)","(4,17)"
414,"(4,17)","(0,0)"
414,"(0,0)","(2,7)"
414,"(2,7)","(4,16)"
414,"(4,16)","(0,15)"
415,"(0,0)","(3,16)"
415,"(3,16)","(4,15)"
415,"(4,15)","(1,7)"
415,"(1,7)","(2,2)"
415,"(2,2)","(3,16)"
416,"(0,0)","(2,9)"
416,"(2,9)","(1,9)"
416,"(1,9)","(2,13)"
416,"(2,13)","(2,15)"
416,"(2,15)","(2,7)"
417,"(0,0)","(3,17)"
417,"(3,17)","(2,0)"
417,"(2,0)","(0,15)"
417,"(0,15)","(3,4)"
417,"(3,4)","(2,4)"
418,"(0,0)","(0,16)"
418,"(0,16)","(0,0)"
418,"(0,0)","(2,11)"
418,"(2,11)","(3,6)"
418,"(3,6)","(0,19)"
419,"(0,0)","(1,10)"
419,"(1,10)","(3,14)"
419,"(3,14)","(2,15)"
419,"(2,15)","(2,1)"
419,"(2,1)","(4,4)"
420,"(0,0)","(3,0)"
420,"(3,0)","(1,5)"
420,"(1,5)","(4,5)"
420,"(4,5)","(0,18)"
420,"(0,18)","(3,17)"
421,"(0,0)","(3,14)"
421,"(3,14)","(3,6)"
421,"(3,6)","(2,1)"
421,"(2,1)","(4,17)"
421,"(4,17)","(2,3)"
422,"(0,0)","(4,12)"
422,"(4,12)","(0,1)"
422,"(0,1)","(2,6)"
422,"(2,6)","(4,13)"
422,"(4,13)","(3,12)"
423,"(0,0)","(2,17)"
423,"(2,17)","(1,17)"
423,"(1,17)","(4,3)"
423,"(4,3)","(1,2)"
423,"(1,2)","(2,10)"
424,"(0,0)","(3,17)"
424,"(3,17)","(3,15)"
424,"(3,15)","(0,13)"
424,"(0,13)","(3,16)"
424,"(3,16)","(4,10)"
425,"(0,0)","(0,12)"
425,"(0,12)","(2,9)"
425,"(2,9)","(0,9)"
425,"(0,9)","(1,1)"
425,"(1,1)","(0,15)"
426,"(0,0)","(3,2)"
426,"(3,2)","(1,5)"
426,"(1,5)","(2,18)"
426,"(2,18)","(1,18)"
426,"(1,18)","(0,11)"
427,"(0,0)","(1,9)"
427,"(1,9)","(1,2)"
427,"(1,2)","(4,19)"
427,"(4,19)","(2,8)"
427,"(2,8)","(0,8)"
428,"(0,0)","(4,7)"
428,"(4,7)","(3,10)"
428,"(3,10)","(0,1)"
428,"(0,1)","(4,0)"
428,"(4,0)","(0,13)"
429,"(0,0)","(3,16)"
429,"(3,16)","(1,2)"
429,"(1,2)","(2,11)"
429,"(2,11)","(4,14)"
429,"(4,14)","(0,4)"
430,"(0,0)","(4,1)"
430,"(4,1)","(0,10)"
430,"(0,10)","(4,7)"
430,"(4,7)","(4,17)"
430,"(4,17)","(1,2)"
431,"(0,0)","(2,18)"
431,"(2,18)","(4,17)"
431,"(4,17)","(0,3)"
431,"(0,3)","(4,8)"
431,"(4,8)","(0,19)"
432,"(0,0)","(0,17)"
432,"(0,17)","(1,19)"
432,"(1,19)","(1,2)"
432,"(1,2)","(2,18)"
432,"(2,18)","(1,2)"
433,"(0,0)","(0,10)"
433,"(0,10)","(3,12)"
433,"(3,12)","(2,6)"
433,"(2,6)","(3,6)"
433,"(3,6)","(2,11)"
434,"(0,0)","(0,16)"
434,"(0,16)","(1,17)"
434,"(1,17)","(4,5)"
434,"(4,5)","(0,9)"
434,"(0,9)","(3,4)"
435,"(0,0)","(3,19)"
435,"(3,19)","(3,5)"
435,"(3,5)","(1,11)"
435,"(1,11)","(0,0)"
435,"(0,0)","(0,7)"
436,"(0,0)","(0,5)"
436,"(0,5)","(1,3)"
436,"(1,3)","(3,2)"
436,"(3,2)","(4,1)"
436,"(4,1)","(3,6)"
437,"(0,0)","(2,3)"
437,"(2,3)","(3,6)"
437,"(3,6)","(1,18)"
437,"(1,18)","(2,15)"
437,"(2,15)","(2,3)"
438,"(0,0)","(2,19)"
438,"(2,19)","(4,14)"
438,"(4,14)","(2,10)"
438,"(2,10)","(2,7)"
438,"(2,7)","(2,9)"
439,"(0,0)","(4,10)"
439,"(4,10)","(2,14)"
439,"(2,14)","(3,19)"
439,"(3,19)","(0,19)"
439,"(0,19)","(0,1)"
440,"(0,0)","(3,7)"
440,"(3,7)","(3,6)"
440,"(3,6)","(1,3)"
440,"(1,3)","(4,12)"
440,"(4,12)","(0,15)"
441,"(0,0)","(1,18)"
441,"(1,18)","(0,8)"
441,"(0,8)","(3,11)"
441,"(3,11)","(1,9)"
441,"(1,9)","(0,15)"
442,"(0,0)","(0,12)"
442,"(0,12)","(0,17)"
442,"(0,17)","(3,5)"
442,"(3,5)","(2,14)"
442,"(2,14)","(2,9)"
443,"(0,0)","(3,17)"
443,"(3,17)","(3,19)"
443,"(3,19)","(1,18)"
443,"(1,18)","(1,9)"
443,"(1,9)","(2,9)"
444,"(0,0)","(4,13)"
444,"(4,13)","(4,10)"
444,"(4,10)","(0,7)"
444,"(0,7)","(2,2)"
444,"(2,2)","(1,9)"
445,"(0,0)","(3,9)"
445,"(3,9)","(0,16)"
445,"(0,16)","(3,3)"
445,"(3,3)","(0,6)"
445,"(0,6)","(0,18)"
446,"(0,0)","(1,19)"
446,"(1,19)","(0,12)"
446,"(0,12)","(1,3)"
446,"(1,3)","(0,15)"
446,"(0,15)","(3,4)"
447,"(0,0)","(1,17)"
447,"(1,17)","(2,2)"
447,"(2,2)","(2,16)"
447,"(2,16)","(3,17)"
447,"(3,17)","(3,18)"
448,"(0,0)","(1,9)"
448,"(1,9)","(2,7)"
448,"(2,7)","(1,9)"
448,"(1,9)","(3,2)"
448,"(3,2)","(4,14)"
449,"(0,0)","(3,13)"
449,"(3,13)","(4,5)"
449,"(4,5)","(3,14)"
449,"(3,14)","(0,17)"
449,"(0,17)","(4,13)"
450,"(0,0)","(1,10)"
450,"(1,10)","(1,0)"
450,"(1,0)","(3,5)"
450,"(3,5)","(0,2)"
450,"(0,2)","(1,17)"
451,"(0,0)","(1,8)"
451,"(1,8)","(2,1)"
451,"(2,1)","(1,5)"
451,"(1,5)","(4,18)"
451,"(4,18)","(0,15)"
452,"(0,0)","(2,19)"
452,"(2,19)","(4,4)"
452,"(4,4)","(4,9)"
452,"(4,9)","(3,4)"
452,"(3,4)","(2,2)"
453,"(0,0)","(4,7)"
453,"(4,7)","(1,12)"
453,"(1,12)","(3,9)"
453,"(3,9)","(2,11)"
453,"(2,11)","(3,12)"
454,"(0,0)","(0,7)"
454,"(0,7)","(2,17)"
454,"(2,17)","(1,0)"
454,"(1,0)","(4,0)"
454,"(4,0)","(2,9)"
455,"(0,0)","(4,1)"
455,"(4,1)","(1,14)"
455,"(1,14)","(4,2)"
455,"(4,2)","(4,8)"
455,"(4,8)","(3,14)"
456,"(0,0)","(3,15)"
456,"(3,15)","(4,2)"
456,"(4,2)","(1,17)"
456,"(1,17)","(0,18)"
456,"(0,18)","(4,4)"
457,"(0,0)","(1,19)"
457,"(1,19)","(4,19)"
457,"(4,19)","(4,11)"
457,"(4,11)","(3,13)"
457,"(3,13)","(3,0)"
458,"(0,0)","(0,14)"
458,"(0,14)","(3,14)"
458,"(3,14)","(1,7)"
458,"(1,7)","(0,3)"
458,"(0,3)","(2,18)"
459,"(0,0)","(4,4)"
459,"(4,4)","(0,18)"
459,"(0,18)","(4,19)"
459,"(4,19)","(0,12)"
459,"(0,12)","(0,8)"
460,"(0,0)","(0,7)"
460,"(0,7)","(0,10)"
460,"(0,10)","(3,18)"
460,"(3,18)","(4,7)"
460,"(4,7)","(0,0)"
461,"(0,0)","(4,12)"
461,"(4,12)","(3,12)"
461,"(3,12)","(4,5)"
461,"(4,5)","(1,5)"
461,"(1,5)","(2,8)"
462,"(0,0)","(2,10)"
462,"(2,10)","(3,5)"
462,"(3,5)","(3,13)"
462,"(3,13)","(0,2)"
462,"(0,2)","(3,15)"
463,"(0,0)","(1,19)"
463,"(1,19)","(0,19)"
463,"(0,19)","(1,19)"
463,"(1,19)","(1,2)"
463,"(1,2)","(0,2)"
464,"(0,0)","(0,19)"
464,"(0,19)","(4,13)"
464,"(4,13)","(0,8)"
464,"(0,8)","(4,0)"
464,"(4,0)","(4,13)"
465,"(0,0)","(4,9)"
465,"(4,9)","(2,16)"
465,"(2,16)","(0,17)"
465,"(0,17)","(2,16)"
465,"(2,16)","(4,12)"
466,"(0,0)","(0,8)"
466,"(0,8)","(2,4)"
466,"(2,4)","(0,8)"
466,"(0,8)","(0,11)"
466,"(0,11)","(3,0)"
467,"(0,0)","(3,8)"
467,"(3,8)","(4,10)"
467,"(4,10)","(0,19)"
467,"(0,19)","(2,10)"
467,"(2,10)","(3,3)"
468,"(0,0)","(1,4)"
468,"(1,4)","(4,9)"
468,"(4,9)","(2,8)"
468,"(2,8)","(1,18)"
468,"(1,18)","(2,6)"
469,"(0,0)","(0,1)"
469,"(0,1)","(4,11)"
469,"(4,11)","(1,5)"
469,"(1,5)","(3,5)"
469,"(3,5)","(3,19)"
470,"(0,0)","(0,15)"
470,"(0,15)","(3,1)"
470,"(3,1)","(3,17)"
470,"(3,17)","(1,8)"
470,"(1,8)","(3,14)"
471,"(0,0)","(4,12)"
471,"(4,12)","(4,1)"
471,"(4,1)","(4,12)"
471,"(4,12)","(2,16)"
471,"(2,16)","(4,10)"
472,"(0,0)","(2,17)"
472,"(2,17)","(1,12)"
472,"(1,12)","(1,4)"
472,"(1,4)","(3,4)"
472,"(3,4)","(0,1)"
473,"(0,0)","(2,15)"
473,"(2,15)","(4,16)"
473,"(4,16)","(0,5)"
473,"(0,5)","(0,15)"
473,"(0,15)","(0,13)"
474,"(0,0)","(2,0)"
474,"(2,0)","(4,19)"
474,"(4,19)","(2,6)"
474,"(2,6)","(2,13)"
474,"(2,13)","(0,18)"
475,"(0,0)","(3,3)"
475,"(3,3)","(1,6)"
475,"(1,6)","(4,6)"
475,"(4,6)","(2,19)"
475,"(2,19)","(3,15)"
476,"(0,0)","(3,6)"
476,"(3,6)","(4,9)"
476,"(4,9)","(1,19)"
476,"(1,19)","(0,1)"
476,"(0,1)","(4,11)"
477,"(0,0)","(3,12)"
477,"(3,12)","(1,17)"
477,"(1,17)","(4,0)"
477,"(4,0)","(2,12)"
477,"(2,12)","(1,1)"
478,"(0,0)","(3,18)"
478,"(3,18)","(0,17)"
478,"(0,17)","(4,11)"
478,"(4,11)","(4,4)"
478,"(4,4)","(3,7)"
479,"(0,0)","(0,9)"
479,"(0,9)","(3,10)"
479,"(3,10)","(0,11)"
479,"(0,11)","(1,12)"
479,"(1,12)","(2,16)"
480,"(0,0)","(4,13)"
480,"(4,13)","(0,6)"
480,"(0,6)","(2,4)"
480,"(2,4)","(0,4)"
480,"(0,4)","(0,16)"
481,"(0,0)","(3,5)"
481,"(3,5)","(3,11)"
481,"(3,11)","(0,7)"
481,"(0,7)","(0,19)"
481,"(0,19)","(3,0)"
482,"(0,0)","(4,11)"
482,"(4,11)","(3,18)"
482,"(3,18)","(0,3)"
482,"(0,3)","(2,2)"
482,"(2,2)","(4,18)"
483,"(0,0)","(0,2)"
483,"(0,2)","(1,19)"
483,"(1,19)","(2,2)"
483,"(2,2)","(1,10)"
483,"(1,10)","(4,12)"
484,"(0,0)","(1,16)"
484,"(1,16)","(2,5)"
484,"(2,5)","(3,12)"
484,"(3,12)","(1,11)"
484,"(1,11)","(1,14)"
485,"(0,0)","(0,12)"
485,"(0,12)","(1,11)"
485,"(1,11)","(0,9)"
485,"(0,9)","(2,7)"
485,"(2,7)","(2,3)"
486,"(0,0)","(3,14)"
486,"(3,14)","(1,2)"
486,"(1,2)","(0,5)"
486,"(0,5)","(4,16)"
486,"(4,16)","(2,8)"
487,"(0,0)","(1,3)"
487,"(1,3)","(4,4)"
487,"(4,4)","(2,11)"
487,"(2,11)","(1,12)"
487,"(1,12)","(1,4)"
488,"(0,0)","(4,16)"
488,"(4,16)","(4,19)"
488,"(4,19)","(1,12)"
488,"(1,12)","(4,4)"
488,"(4,4)","(3,18)"
489,"(0,0)","(3,7)"
489,"(3,7)","(2,14)"
489,"(2,14)","(4,19)"
489,"(4,19)","(2,5)"
489,"(2,5)","(1,15)"
490,"(0,0)","(3,11)"
490,"(3,11)","(4,2)"
490,"(4,2)","(3,12)"
490,"(3,12)","(2,2)"
490,"(2,2)","(4,13)"
491,"(0,0)","(0,0)"
491,"(0,0)","(3,19)"
491,"(3,19)","(0,4)"
491,"(0,4)","(0,16)"
491,"(0,16)","(3,4)"
492,"(0,0)","(2,17)"
492,"(2,17)","(2,18)"
492,"(2,18)","(4,10)"
492,"(4,10)","(1,3)"
492,"(1,3)","(0,2)"
493,"(0,0)","(4,5)"
493,"(4,5)","(2,18)"
493,"(2,18)","(4,7)"
493,"(4,7)","(4,0)"
493,"(4,0)","(0,2)"
494,"(0,0)","(0,10)"
494,"(0,10)","(1,4)"
494,"(1,4)","(0,19)"
494,"(0,19)","(4,18)"
494,"(4,18)","(2,11)"
495,"(0,0)","(4,15)"
495,"(4,15)","(4,3)"
495,"(4,3)","(2,13)"
495,"(2,13)","(1,7)"
495,"(1,7)","(4,3)"
496,"(0,0)","(2,17)"
496,"(2,17)","(4,1)"
496,"(4,1)","(3,16)"
496,"(3,16)","(4,12)"
496,"(4,12)","(4,16)"
497,"(0,0)","(2,12)"
497,"(2,12)","(3,17)"
497,"(3,17)","(4,18)"
497,"(4,18)","(3,2)"
497,"(3,2)","(0,6)"
498,"(0,0)","(2,7)"
498,"(2,7)","(2,14)"
498,"(2,14)","(4,3)"
498,"(4,3)","(2,2)"
498,"(2,2)","(3,8)"
499,"(0,0)","(4,9)"
499,"(4,9)","(0,2)"
499,"(0,2)","(0,16)"
499,"(0,16)","(1,16)"
499,"(1,16)","(0,14)"
500,"(0,0)","(1,18)"
500,"(1,18)","(2,5)"
500,"(2,5)","(4,7)"
500,"(4,7)","(4,4)"
500,"(4,4)","(4,12)"
